from_stop_I;to_stop_I;d;duration_avg;n_vehicles;route_I_counts
2017;2211;1935;127.27810650887574;338;329:101,325:170,327:67
2017;2015;1396;120.0;338;329:101,325:170,327:67
83;297;872;90.88757396449704;338;329:101,325:170,327:67
83;81;370;85.20710059171597;338;329:101,325:170,327:67
2211;2169;1005;120.0;177;325:170,326:7
2211;2253;1627;121.36363636363636;176;328:8,329:101,327:67
2211;2017;1935;145.20710059171597;338;329:101,325:170,327:67
166;81;558;85.56213017751479;338;329:101,325:170,327:67
167;635;1196;70.88607594936708;237;325:170,327:67
297;83;872;94.79289940828403;338;329:101,325:170,327:67
297;349;1037;89.11242603550296;338;329:101,325:170,327:67
2253;2480;1345;118.63636363636364;176;328:8,329:101,327:67
2253;2211;1627;136.78571428571428;168;329:101,327:67
2749;2169;1766;127.41176470588235;170;325:170
2749;2751;1265;69.49152542372882;177;325:170,326:7
2480;2482;1506;103.29545454545455;176;328:8,329:101,327:67
2480;2253;1345;103.21428571428571;168;329:101,327:67
81;83;370;67.27810650887574;338;329:101,325:170,327:67
81;167;557;94.79289940828403;338;329:101,325:170,327:67
2482;2480;1506;120.0;168;329:101,327:67
1971;279;1659;145.20710059171597;338;329:101,325:170,327:67
1971;2015;1486;120.0;338;329:101,325:170,327:67
2751;2749;1265;60.0;170;325:170
278;1971;1661;127.27810650887574;338;329:101,325:170,327:67
279;349;960;94.79289940828403;338;329:101,325:170,327:67
2169;2211;1005;172.58823529411765;170;325:170
2169;2749;1766;170.5084745762712;177;325:170,326:7
635;166;1195;114.68354430379746;237;325:170,327:67
349;297;1037;85.20710059171597;338;329:101,325:170,327:67
349;278;958;112.72189349112426;338;329:101,325:170,327:67
2015;2017;1396;112.72189349112426;338;329:101,325:170,327:67
2015;1971;1486;94.79289940828403;338;329:101,325:170,327:67